message;severity;node;stamp;location
"Human pose: [x: 87.95, y: -93.48]";"20";"explore_node";"1764721752.647809063";"/home/mayooran/Documents/iros/src/DRL-exploration/explore/src/costmap_client_dev.cpp:getHumanPose:295"
"Cleaning up";"20";"controller_server";"1764721751.338740801";"./src/controller_server.cpp:on_cleanup:272"
"Failed to get result for wait in node halt!";"40";"bt_navigator_navigate_to_pose_rclcpp_node";"1764721751.327818166";"./include/nav2_behavior_tree/bt_action_node.hpp:halt:321"
"Destroying bond (controller_server) to lifecycle manager.";"20";"controller_server";"1764721751.327814751";"./src/lifecycle_node.cpp:destroyBond:113"
"Deactivating";"20";"controller_server";"1764721751.297433302";"./src/controller_server.cpp:on_deactivate:242"
"Running Nav2 LifecycleNode rcl preshutdown (bt_navigator)";"20";"bt_navigator";"1764721751.297371728";"./src/lifecycle_node.cpp:on_rcl_preshutdown:92"
"Running Nav2 LifecycleManager rcl preshutdown (lifecycle_manager_navigation)";"20";"lifecycle_manager_navigation";"1764721751.297330425";"./src/lifecycle_manager.cpp:onRclPreshutdown:386"
"Running Nav2 LifecycleNode rcl preshutdown (controller_server)";"20";"controller_server";"1764721751.297321635";"./src/lifecycle_node.cpp:on_rcl_preshutdown:92"
"Human pose: [x: 77.11, y: -91.43]";"20";"explore_node";"1764721746.013747938";"/home/mayooran/Documents/iros/src/DRL-exploration/explore/src/costmap_client_dev.cpp:getHumanPose:295"
"Human pose: [x: 63.58, y: -95.22]";"20";"explore_node";"1764721739.343578016";"/home/mayooran/Documents/iros/src/DRL-exploration/explore/src/costmap_client_dev.cpp:getHumanPose:295"
"Goal accepted by the action server, waiting for result...";"20";"explore_node";"1764721733.598943189";"/home/mayooran/Documents/iros/src/DRL-exploration/explore/src/explore_dev.cpp:goal_response_callback:437"
"Begin navigating from current location (44.62, -91.06) to (49.05, -88.91)";"20";"bt_navigator";"1764721733.527596158";"./src/navigators/navigate_to_pose.cpp:initializeGoalPose:213"
"Received goal preemption request";"20";"bt_navigator";"1764721733.527355588";"./src/navigators/navigate_to_pose.cpp:onPreempt:182"
"Human pose: [x: 56.08, y: -106.49]";"20";"explore_node";"1764721732.649742679";"/home/mayooran/Documents/iros/src/DRL-exploration/explore/src/costmap_client_dev.cpp:getHumanPose:295"
"Running wait";"20";"behavior_server";"1764721728.757678002";"./include/nav2_behaviors/timed_behavior.hpp:execute:187"
"[spin] [ActionServer] Aborting handle.";"30";"behavior_server";"1764721728.728889684";"/opt/ros/humble/include/nav2_util/simple_action_server.hpp:warn_msg:605"
"spin failed";"30";"behavior_server";"1764721728.728875925";"./include/nav2_behaviors/timed_behavior.hpp:execute:246"
"Collision Ahead - Exiting Spin";"30";"behavior_server";"1764721728.728864269";"./plugins/spin.cpp:onCycleUpdate:151"
"Costmap is not available";"40";"behavior_server";"1764721728.728788403";"./src/costmap_topic_collision_checker.cpp:isCollisionFree:58"
"Turning 1.57 for spin behavior.";"20";"behavior_server";"1764721728.228473862";"./plugins/spin.cpp:onRun:89"
"Running spin";"20";"behavior_server";"1764721728.228099708";"./include/nav2_behaviors/timed_behavior.hpp:execute:187"
"Goal accepted by the action server, waiting for result...";"20";"explore_node";"1764721727.767320972";"/home/mayooran/Documents/iros/src/DRL-exploration/explore/src/explore_dev.cpp:goal_response_callback:437"
"Begin navigating from current location (44.62, -91.06) to (51.14, -102.81)";"20";"bt_navigator";"1764721727.727132737";"./src/navigators/navigate_to_pose.cpp:initializeGoalPose:213"
"Human pose: [x: 46.91, y: -113.00]";"20";"explore_node";"1764721726.886016753";"/home/mayooran/Documents/iros/src/DRL-exploration/explore/src/costmap_client_dev.cpp:getHumanPose:295"
"Goal accepted by the action server, waiting for result...";"20";"explore_node";"1764721726.885586438";"/home/mayooran/Documents/iros/src/DRL-exploration/explore/src/explore_dev.cpp:goal_response_callback:437"
"Goal succeeded";"20";"bt_navigator";"1764721726.823138745";"/opt/ros/humble/include/nav2_behavior_tree/bt_action_server_impl.hpp:executeCallback:264"
"Begin navigating from current location (44.53, -91.08) to (47.82, -90.40)";"20";"bt_navigator";"1764721726.813242486";"./src/navigators/navigate_to_pose.cpp:initializeGoalPose:213"
"Received goal preemption request";"20";"bt_navigator";"1764721726.813072947";"./src/navigators/navigate_to_pose.cpp:onPreempt:182"
"Reached the goal!";"20";"controller_server";"1764721726.786094098";"./src/controller_server.cpp:computeControl:409"
"Passing new path to controller.";"20";"controller_server";"1764721726.283760732";"./src/controller_server.cpp:updateGlobalPath:536"
"Human pose: [x: 46.38, y: -114.70]";"20";"explore_node";"1764721725.983710259";"/home/mayooran/Documents/iros/src/DRL-exploration/explore/src/costmap_client_dev.cpp:getHumanPose:295"
"Passing new path to controller.";"20";"controller_server";"1764721725.283759219";"./src/controller_server.cpp:updateGlobalPath:536"
"Passing new path to controller.";"20";"controller_server";"1764721724.233762552";"./src/controller_server.cpp:updateGlobalPath:536"
"Passing new path to controller.";"20";"controller_server";"1764721723.183762304";"./src/controller_server.cpp:updateGlobalPath:536"
"Passing new path to controller.";"20";"controller_server";"1764721722.133760626";"./src/controller_server.cpp:updateGlobalPath:536"
"Goal accepted by the action server, waiting for result...";"20";"explore_node";"1764721721.131348117";"/home/mayooran/Documents/iros/src/DRL-exploration/explore/src/explore_dev.cpp:goal_response_callback:437"
"Received a goal, begin computing control effort.";"20";"controller_server";"1764721721.083492792";"./src/controller_server.cpp:computeControl:359"
"Begin navigating from current location (40.30, -91.36) to (45.09, -90.95)";"20";"bt_navigator";"1764721721.052836616";"./src/navigators/navigate_to_pose.cpp:initializeGoalPose:213"
"Human pose: [x: 35.61, y: -115.80]";"20";"explore_node";"1764721720.274503570";"/home/mayooran/Documents/iros/src/DRL-exploration/explore/src/costmap_client_dev.cpp:getHumanPose:295"
"Goal succeeded";"20";"bt_navigator";"1764721720.274401948";"/opt/ros/humble/include/nav2_behavior_tree/bt_action_server_impl.hpp:executeCallback:264"
"Reached the goal!";"20";"controller_server";"1764721720.237255379";"./src/controller_server.cpp:computeControl:409"
"Goal accepted by the action server, waiting for result...";"20";"explore_node";"1764721720.183203289";"/home/mayooran/Documents/iros/src/DRL-exploration/explore/src/explore_dev.cpp:goal_response_callback:437"
"Begin navigating from current location (40.11, -91.30) to (44.29, -90.69)";"20";"bt_navigator";"1764721720.104442791";"./src/navigators/navigate_to_pose.cpp:initializeGoalPose:213"
"Received goal preemption request";"20";"bt_navigator";"1764721720.104255138";"./src/navigators/navigate_to_pose.cpp:onPreempt:182"
"Passing new path to controller.";"20";"controller_server";"1764721719.834972812";"./src/controller_server.cpp:updateGlobalPath:536"
"Human pose: [x: 33.85, y: -113.31]";"20";"explore_node";"1764721719.317741242";"/home/mayooran/Documents/iros/src/DRL-exploration/explore/src/costmap_client_dev.cpp:getHumanPose:295"
"Passing new path to controller.";"20";"controller_server";"1764721718.784922967";"./src/controller_server.cpp:updateGlobalPath:536"
"Passing new path to controller.";"20";"controller_server";"1764721717.734925040";"./src/controller_server.cpp:updateGlobalPath:536"
"Passing new path to controller.";"20";"controller_server";"1764721716.734925234";"./src/controller_server.cpp:updateGlobalPath:536"
"Passing new path to controller.";"20";"controller_server";"1764721715.684925781";"./src/controller_server.cpp:updateGlobalPath:536"
"Passing new path to controller.";"20";"controller_server";"1764721714.634928028";"./src/controller_server.cpp:updateGlobalPath:536"
"Passing new path to controller.";"20";"controller_server";"1764721713.584922430";"./src/controller_server.cpp:updateGlobalPath:536"
"Goal accepted by the action server, waiting for result...";"20";"explore_node";"1764721713.464821608";"/home/mayooran/Documents/iros/src/DRL-exploration/explore/src/explore_dev.cpp:goal_response_callback:437"
"Begin navigating from current location (35.16, -90.37) to (40.75, -91.57)";"20";"bt_navigator";"1764721713.394431126";"./src/navigators/navigate_to_pose.cpp:initializeGoalPose:213"
"Received goal preemption request";"20";"bt_navigator";"1764721713.394261647";"./src/navigators/navigate_to_pose.cpp:onPreempt:182"
"Human pose: [x: 24.84, y: -105.44]";"20";"explore_node";"1764721712.651759183";"/home/mayooran/Documents/iros/src/DRL-exploration/explore/src/costmap_client_dev.cpp:getHumanPose:295"
"Goal accepted by the action server, waiting for result...";"20";"explore_node";"1764721712.583467812";"/home/mayooran/Documents/iros/src/DRL-exploration/explore/src/explore_dev.cpp:goal_response_callback:437"
"Received a goal, begin computing control effort.";"20";"controller_server";"1764721712.534660367";"./src/controller_server.cpp:computeControl:359"
"Begin navigating from current location (35.04, -90.06) to (40.15, -91.21)";"20";"bt_navigator";"1764721712.504079202";"./src/navigators/navigate_to_pose.cpp:initializeGoalPose:213"
"Human pose: [x: 22.90, y: -105.46]";"20";"explore_node";"1764721711.778682403";"/home/mayooran/Documents/iros/src/DRL-exploration/explore/src/costmap_client_dev.cpp:getHumanPose:295"
"Goal succeeded";"20";"bt_navigator";"1764721711.778561811";"/opt/ros/humble/include/nav2_behavior_tree/bt_action_server_impl.hpp:executeCallback:264"
"Reached the goal!";"20";"controller_server";"1764721711.741572959";"./src/controller_server.cpp:computeControl:409"
"Passing new path to controller.";"20";"controller_server";"1764721710.889171775";"./src/controller_server.cpp:updateGlobalPath:536"
"Passing new path to controller.";"20";"controller_server";"1764721709.889173701";"./src/controller_server.cpp:updateGlobalPath:536"
"Passing new path to controller.";"20";"controller_server";"1764721708.839171983";"./src/controller_server.cpp:updateGlobalPath:536"
"Passing new path to controller.";"20";"controller_server";"1764721707.789169006";"./src/controller_server.cpp:updateGlobalPath:536"
"Passing new path to controller.";"20";"controller_server";"1764721706.739169634";"./src/controller_server.cpp:updateGlobalPath:536"
"Goal accepted by the action server, waiting for result...";"20";"explore_node";"1764721706.708519894";"/home/mayooran/Documents/iros/src/DRL-exploration/explore/src/explore_dev.cpp:goal_response_callback:437"
"Begin navigating from current location (34.75, -86.06) to (35.20, -90.48)";"20";"bt_navigator";"1764721706.678945693";"./src/navigators/navigate_to_pose.cpp:initializeGoalPose:213"
"Received goal preemption request";"20";"bt_navigator";"1764721706.678565554";"./src/navigators/navigate_to_pose.cpp:onPreempt:182"
"Human pose: [x: 18.32, y: -115.92]";"20";"explore_node";"1764721705.985787336";"/home/mayooran/Documents/iros/src/DRL-exploration/explore/src/costmap_client_dev.cpp:getHumanPose:295"
"Goal accepted by the action server, waiting for result...";"20";"explore_node";"1764721705.697167676";"/home/mayooran/Documents/iros/src/DRL-exploration/explore/src/explore_dev.cpp:goal_response_callback:437"
"Received a goal, begin computing control effort.";"20";"controller_server";"1764721705.688898694";"./src/controller_server.cpp:computeControl:359"
"Begin navigating from current location (34.77, -85.41) to (35.10, -89.62)";"20";"bt_navigator";"1764721705.658284008";"./src/navigators/navigate_to_pose.cpp:initializeGoalPose:213"
"Human pose: [x: 16.64, y: -117.21]";"20";"explore_node";"1764721704.973701668";"/home/mayooran/Documents/iros/src/DRL-exploration/explore/src/costmap_client_dev.cpp:getHumanPose:295"
"Goal succeeded";"20";"bt_navigator";"1764721704.973446849";"/opt/ros/humble/include/nav2_behavior_tree/bt_action_server_impl.hpp:executeCallback:264"
"Reached the goal!";"20";"controller_server";"1764721704.936333668";"./src/controller_server.cpp:computeControl:409"
"Passing new path to controller.";"20";"controller_server";"1764721704.534067437";"./src/controller_server.cpp:updateGlobalPath:536"
"Passing new path to controller.";"20";"controller_server";"1764721703.484064563";"./src/controller_server.cpp:updateGlobalPath:536"
"Passing new path to controller.";"20";"controller_server";"1764721702.484065399";"./src/controller_server.cpp:updateGlobalPath:536"
"Passing new path to controller.";"20";"controller_server";"1764721701.434064382";"./src/controller_server.cpp:updateGlobalPath:536"
"Passing new path to controller.";"20";"controller_server";"1764721700.384065607";"./src/controller_server.cpp:updateGlobalPath:536"
"Goal accepted by the action server, waiting for result...";"20";"explore_node";"1764721700.072898738";"/home/mayooran/Documents/iros/src/DRL-exploration/explore/src/explore_dev.cpp:goal_response_callback:437"
"Goal accepted by the action server, waiting for result...";"20";"explore_node";"1764721700.072783400";"/home/mayooran/Documents/iros/src/DRL-exploration/explore/src/explore_dev.cpp:goal_response_callback:437"
"Begin navigating from current location (34.93, -81.49) to (34.65, -85.83)";"20";"bt_navigator";"1764721700.003525374";"./src/navigators/navigate_to_pose.cpp:initializeGoalPose:213"
"Received goal preemption request";"20";"bt_navigator";"1764721700.003341962";"./src/navigators/navigate_to_pose.cpp:onPreempt:182"
"Human pose: [x: 7.14, y: -111.35]";"20";"explore_node";"1764721699.344519939";"/home/mayooran/Documents/iros/src/DRL-exploration/explore/src/costmap_client_dev.cpp:getHumanPose:295"
"Received a goal, begin computing control effort.";"20";"controller_server";"1764721699.333808203";"./src/controller_server.cpp:computeControl:359"
"Begin navigating from current location (34.93, -81.11) to (34.86, -85.09)";"20";"bt_navigator";"1764721699.303165693";"./src/navigators/navigate_to_pose.cpp:initializeGoalPose:213"
"Human pose: [x: 7.03, y: -109.81]";"20";"explore_node";"1764721698.655431368";"/home/mayooran/Documents/iros/src/DRL-exploration/explore/src/costmap_client_dev.cpp:getHumanPose:295"
"Goal succeeded";"20";"bt_navigator";"1764721698.655362377";"/opt/ros/humble/include/nav2_behavior_tree/bt_action_server_impl.hpp:executeCallback:264"
"Reached the goal!";"20";"controller_server";"1764721698.608630077";"./src/controller_server.cpp:computeControl:409"
"Passing new path to controller.";"20";"controller_server";"1764721698.605955900";"./src/controller_server.cpp:updateGlobalPath:536"
"Passing new path to controller.";"20";"controller_server";"1764721697.555948452";"./src/controller_server.cpp:updateGlobalPath:536"
"Passing new path to controller.";"20";"controller_server";"1764721696.505989994";"./src/controller_server.cpp:updateGlobalPath:536"
"Passing new path to controller.";"20";"controller_server";"1764721695.505960046";"./src/controller_server.cpp:updateGlobalPath:536"
"Passing new path to controller.";"20";"controller_server";"1764721694.455945951";"./src/controller_server.cpp:updateGlobalPath:536"
"Passing new path to controller.";"20";"controller_server";"1764721693.405959876";"./src/controller_server.cpp:updateGlobalPath:536"
"Goal accepted by the action server, waiting for result...";"20";"explore_node";"1764721693.317203135";"/home/mayooran/Documents/iros/src/DRL-exploration/explore/src/explore_dev.cpp:goal_response_callback:437"
"Begin navigating from current location (34.94, -76.93) to (34.85, -81.62)";"20";"bt_navigator";"1764721693.285729272";"./src/navigators/navigate_to_pose.cpp:initializeGoalPose:213"
"Received goal preemption request";"20";"bt_navigator";"1764721693.285335440";"./src/navigators/navigate_to_pose.cpp:onPreempt:182"
"Human pose: [x: 7.63, y: -96.13]";"20";"explore_node";"1764721692.653817444";"/home/mayooran/Documents/iros/src/DRL-exploration/explore/src/costmap_client_dev.cpp:getHumanPose:295"
"Goal accepted by the action server, waiting for result...";"20";"explore_node";"1764721692.413130568";"/home/mayooran/Documents/iros/src/DRL-exploration/explore/src/explore_dev.cpp:goal_response_callback:437"
"Received a goal, begin computing control effort.";"20";"controller_server";"1764721692.355713087";"./src/controller_server.cpp:computeControl:359"
"Begin navigating from current location (34.94, -76.34) to (34.93, -80.72)";"20";"bt_navigator";"1764721692.335043382";"./src/navigators/navigate_to_pose.cpp:initializeGoalPose:213"
"Human pose: [x: 7.63, y: -94.29]";"20";"explore_node";"1764721691.741798666";"/home/mayooran/Documents/iros/src/DRL-exploration/explore/src/costmap_client_dev.cpp:getHumanPose:295"
"Goal succeeded";"20";"bt_navigator";"1764721691.741605635";"/opt/ros/humble/include/nav2_behavior_tree/bt_action_server_impl.hpp:executeCallback:264"
"Reached the goal!";"20";"controller_server";"1764721691.694706452";"./src/controller_server.cpp:computeControl:409"
"Passing new path to controller.";"20";"controller_server";"1764721691.692170851";"./src/controller_server.cpp:updateGlobalPath:536"
"Passing new path to controller.";"20";"controller_server";"1764721690.642171603";"./src/controller_server.cpp:updateGlobalPath:536"
"Passing new path to controller.";"20";"controller_server";"1764721689.642172596";"./src/controller_server.cpp:updateGlobalPath:536"
"Passing new path to controller.";"20";"controller_server";"1764721688.592168426";"./src/controller_server.cpp:updateGlobalPath:536"
"Passing new path to controller.";"20";"controller_server";"1764721687.592171270";"./src/controller_server.cpp:updateGlobalPath:536"
"Goal accepted by the action server, waiting for result...";"20";"explore_node";"1764721686.590464470";"/home/mayooran/Documents/iros/src/DRL-exploration/explore/src/explore_dev.cpp:goal_response_callback:437"
"Begin navigating from current location (34.95, -72.26) to (34.90, -76.86)";"20";"bt_navigator";"1764721686.561696120";"./src/navigators/navigate_to_pose.cpp:initializeGoalPose:213"
"Received goal preemption request";"20";"bt_navigator";"1764721686.561531469";"./src/navigators/navigate_to_pose.cpp:onPreempt:182"
"Passing new path to controller.";"20";"controller_server";"1764721686.542169061";"./src/controller_server.cpp:updateGlobalPath:536"
"Human pose: [x: 8.40, y: -81.97]";"20";"explore_node";"1764721685.987817225";"/home/mayooran/Documents/iros/src/DRL-exploration/explore/src/costmap_client_dev.cpp:getHumanPose:295"
"Received a goal, begin computing control effort.";"20";"controller_server";"1764721685.491908265";"./src/controller_server.cpp:computeControl:359"
"Begin navigating from current location (34.94, -71.57) to (34.97, -75.89)";"20";"bt_navigator";"1764721685.471332769";"./src/navigators/navigate_to_pose.cpp:initializeGoalPose:213"
"Goal accepted by the action server, waiting for result...";"20";"explore_node";"1764721685.471192045";"/home/mayooran/Documents/iros/src/DRL-exploration/explore/src/explore_dev.cpp:goal_response_callback:437"
"Human pose: [x: 8.91, y: -79.87]";"20";"explore_node";"1764721684.901072655";"/home/mayooran/Documents/iros/src/DRL-exploration/explore/src/costmap_client_dev.cpp:getHumanPose:295"
"Goal succeeded";"20";"bt_navigator";"1764721684.900898832";"/opt/ros/humble/include/nav2_behavior_tree/bt_action_server_impl.hpp:executeCallback:264"
"Reached the goal!";"20";"controller_server";"1764721684.869109764";"./src/controller_server.cpp:computeControl:409"
"Passing new path to controller.";"20";"controller_server";"1764721684.366373758";"./src/controller_server.cpp:updateGlobalPath:536"
"Passing new path to controller.";"20";"controller_server";"1764721683.316366745";"./src/controller_server.cpp:updateGlobalPath:536"
"Passing new path to controller.";"20";"controller_server";"1764721682.316370479";"./src/controller_server.cpp:updateGlobalPath:536"
"Passing new path to controller.";"20";"controller_server";"1764721681.266379351";"./src/controller_server.cpp:updateGlobalPath:536"
"Passing new path to controller.";"20";"controller_server";"1764721680.216374187";"./src/controller_server.cpp:updateGlobalPath:536"
"Human pose: [x: 19.00, y: -73.50]";"20";"explore_node";"1764721679.321820736";"/home/mayooran/Documents/iros/src/DRL-exploration/explore/src/costmap_client_dev.cpp:getHumanPose:295"
"Goal accepted by the action server, waiting for result...";"20";"explore_node";"1764721679.169334156";"/home/mayooran/Documents/iros/src/DRL-exploration/explore/src/explore_dev.cpp:goal_response_callback:437"
"Received a goal, begin computing control effort.";"20";"controller_server";"1764721679.165318809";"./src/controller_server.cpp:computeControl:359"
"Begin navigating from current location (35.00, -67.17) to (34.87, -72.08)";"20";"bt_navigator";"1764721679.140647216";"./src/navigators/navigate_to_pose.cpp:initializeGoalPose:213"
"Human pose: [x: 19.74, y: -72.42]";"20";"explore_node";"1764721678.614574344";"/home/mayooran/Documents/iros/src/DRL-exploration/explore/src/costmap_client_dev.cpp:getHumanPose:295"
"Goal succeeded";"20";"bt_navigator";"1764721678.614418403";"/opt/ros/humble/include/nav2_behavior_tree/bt_action_server_impl.hpp:executeCallback:264"
"Reached the goal!";"20";"controller_server";"1764721678.577350624";"./src/controller_server.cpp:computeControl:409"
"Passing new path to controller.";"20";"controller_server";"1764721678.425074300";"./src/controller_server.cpp:updateGlobalPath:536"
"Passing new path to controller.";"20";"controller_server";"1764721677.375088862";"./src/controller_server.cpp:updateGlobalPath:536"
"Passing new path to controller.";"20";"controller_server";"1764721676.375071135";"./src/controller_server.cpp:updateGlobalPath:536"
"Passing new path to controller.";"20";"controller_server";"1764721675.325074272";"./src/controller_server.cpp:updateGlobalPath:536"
"Passing new path to controller.";"20";"controller_server";"1764721674.325073389";"./src/controller_server.cpp:updateGlobalPath:536"
"Passing new path to controller.";"20";"controller_server";"1764721673.275079379";"./src/controller_server.cpp:updateGlobalPath:536"
"Goal accepted by the action server, waiting for result...";"20";"explore_node";"1764721673.184115150";"/home/mayooran/Documents/iros/src/DRL-exploration/explore/src/explore_dev.cpp:goal_response_callback:437"
"Begin navigating from current location (35.03, -63.00) to (34.87, -67.65)";"20";"bt_navigator";"1764721673.164589477";"./src/navigators/navigate_to_pose.cpp:initializeGoalPose:213"
"Received goal preemption request";"20";"bt_navigator";"1764721673.164361499";"./src/navigators/navigate_to_pose.cpp:onPreempt:182"
"Human pose: [x: 20.31, y: -59.21]";"20";"explore_node";"1764721672.655842371";"/home/mayooran/Documents/iros/src/DRL-exploration/explore/src/costmap_client_dev.cpp:getHumanPose:295"
"Received a goal, begin computing control effort.";"20";"controller_server";"1764721672.224756594";"./src/controller_server.cpp:computeControl:359"
"Goal accepted by the action server, waiting for result...";"20";"explore_node";"1764721671.768967177";"/home/mayooran/Documents/iros/src/DRL-exploration/explore/src/explore_dev.cpp:goal_response_callback:437"
"Begin navigating from current location (35.03, -62.32) to (34.90, -66.80)";"20";"bt_navigator";"1764721671.744104417";"./src/navigators/navigate_to_pose.cpp:initializeGoalPose:213"
"Human pose: [x: 20.23, y: -55.87]";"20";"explore_node";"1764721671.260117528";"/home/mayooran/Documents/iros/src/DRL-exploration/explore/src/costmap_client_dev.cpp:getHumanPose:295"
"Goal succeeded";"20";"bt_navigator";"1764721671.259987916";"/opt/ros/humble/include/nav2_behavior_tree/bt_action_server_impl.hpp:executeCallback:264"
"Reached the goal!";"20";"controller_server";"1764721671.222630989";"./src/controller_server.cpp:computeControl:409"
"Passing new path to controller.";"20";"controller_server";"1764721670.720572360";"./src/controller_server.cpp:updateGlobalPath:536"
"Passing new path to controller.";"20";"controller_server";"1764721669.720563479";"./src/controller_server.cpp:updateGlobalPath:536"
"Passing new path to controller.";"20";"controller_server";"1764721668.670562030";"./src/controller_server.cpp:updateGlobalPath:536"
"Passing new path to controller.";"20";"controller_server";"1764721667.670569484";"./src/controller_server.cpp:updateGlobalPath:536"
"Passing new path to controller.";"20";"controller_server";"1764721666.620576784";"./src/controller_server.cpp:updateGlobalPath:536"
"Human pose: [x: 14.09, y: -47.90]";"20";"explore_node";"1764721665.989928987";"/home/mayooran/Documents/iros/src/DRL-exploration/explore/src/costmap_client_dev.cpp:getHumanPose:295"
"Goal accepted by the action server, waiting for result...";"20";"explore_node";"1764721665.570855455";"/home/mayooran/Documents/iros/src/DRL-exploration/explore/src/explore_dev.cpp:goal_response_callback:437"
"Received a goal, begin computing control effort.";"20";"controller_server";"1764721665.570274757";"./src/controller_server.cpp:computeControl:359"
"Begin navigating from current location (34.99, -57.99) to (35.13, -62.85)";"20";"bt_navigator";"1764721665.549708168";"./src/navigators/navigate_to_pose.cpp:initializeGoalPose:213"
"Human pose: [x: 12.23, y: -47.34]";"20";"explore_node";"1764721665.094001913";"/home/mayooran/Documents/iros/src/DRL-exploration/explore/src/costmap_client_dev.cpp:getHumanPose:295"
"Goal succeeded";"20";"bt_navigator";"1764721665.092706052";"/opt/ros/humble/include/nav2_behavior_tree/bt_action_server_impl.hpp:executeCallback:264"
"Reached the goal!";"20";"controller_server";"1764721665.055741420";"./src/controller_server.cpp:computeControl:409"
"Passing new path to controller.";"20";"controller_server";"1764721664.553312475";"./src/controller_server.cpp:updateGlobalPath:536"
"Passing new path to controller.";"20";"controller_server";"1764721663.503315561";"./src/controller_server.cpp:updateGlobalPath:536"
"Passing new path to controller.";"20";"controller_server";"1764721662.503326264";"./src/controller_server.cpp:updateGlobalPath:536"
"Passing new path to controller.";"20";"controller_server";"1764721661.453331544";"./src/controller_server.cpp:updateGlobalPath:536"
"Unable to transform robot pose into global plan's frame";"30";"controller_server";"1764721660.453799773";"./src/controller_server.cpp:computeAndPublishVelocity:486"
"Passing new path to controller.";"20";"controller_server";"1764721660.453312984";"./src/controller_server.cpp:updateGlobalPath:536"
"Unable to transform robot pose into global plan's frame";"30";"controller_server";"1764721660.403452577";"./src/controller_server.cpp:computeAndPublishVelocity:486"
"Unable to transform robot pose into global plan's frame";"30";"controller_server";"1764721660.353472296";"./src/controller_server.cpp:computeAndPublishVelocity:486"
"Unable to transform robot pose into global plan's frame";"30";"controller_server";"1764721660.303487124";"./src/controller_server.cpp:computeAndPublishVelocity:486"
"Unable to transform robot pose into global plan's frame";"30";"controller_server";"1764721660.253479989";"./src/controller_server.cpp:computeAndPublishVelocity:486"
"Unable to transform robot pose into global plan's frame";"30";"controller_server";"1764721660.203454411";"./src/controller_server.cpp:computeAndPublishVelocity:486"
"Unable to transform robot pose into global plan's frame";"30";"controller_server";"1764721660.153461961";"./src/controller_server.cpp:computeAndPublishVelocity:486"
"Unable to transform robot pose into global plan's frame";"30";"controller_server";"1764721660.103454798";"./src/controller_server.cpp:computeAndPublishVelocity:486"
"Unable to transform robot pose into global plan's frame";"30";"controller_server";"1764721660.053487387";"./src/controller_server.cpp:computeAndPublishVelocity:486"
"Unable to transform robot pose into global plan's frame";"30";"controller_server";"1764721660.003488098";"./src/controller_server.cpp:computeAndPublishVelocity:486"
"Passing new path to controller.";"20";"controller_server";"1764721659.403313056";"./src/controller_server.cpp:updateGlobalPath:536"
"Human pose: [x: 7.35, y: -37.09]";"20";"explore_node";"1764721659.323903360";"/home/mayooran/Documents/iros/src/DRL-exploration/explore/src/costmap_client_dev.cpp:getHumanPose:295"
"Goal accepted by the action server, waiting for result...";"20";"explore_node";"1764721658.353909709";"/home/mayooran/Documents/iros/src/DRL-exploration/explore/src/explore_dev.cpp:goal_response_callback:437"
"Received a goal, begin computing control effort.";"20";"controller_server";"1764721658.352994707";"./src/controller_server.cpp:computeControl:359"
"Begin navigating from current location (34.98, -53.24) to (34.92, -58.48)";"20";"bt_navigator";"1764721658.332392389";"./src/navigators/navigate_to_pose.cpp:initializeGoalPose:213"
"Human pose: [x: 7.37, y: -33.95]";"20";"explore_node";"1764721657.916083186";"/home/mayooran/Documents/iros/src/DRL-exploration/explore/src/costmap_client_dev.cpp:getHumanPose:295"
"Goal succeeded";"20";"bt_navigator";"1764721657.909597347";"/opt/ros/humble/include/nav2_behavior_tree/bt_action_server_impl.hpp:executeCallback:264"
"Reached the goal!";"20";"controller_server";"1764721657.872024201";"./src/controller_server.cpp:computeControl:409"
"Passing new path to controller.";"20";"controller_server";"1764721657.420078086";"./src/controller_server.cpp:updateGlobalPath:536"
"Passing new path to controller.";"20";"controller_server";"1764721656.420081332";"./src/controller_server.cpp:updateGlobalPath:536"
"Passing new path to controller.";"20";"controller_server";"1764721655.370078595";"./src/controller_server.cpp:updateGlobalPath:536"
"Passing new path to controller.";"20";"controller_server";"1764721654.370079114";"./src/controller_server.cpp:updateGlobalPath:536"
"Passing new path to controller.";"20";"controller_server";"1764721653.320083971";"./src/controller_server.cpp:updateGlobalPath:536"
"Human pose: [x: 7.56, y: -22.30]";"20";"explore_node";"1764721652.657915961";"/home/mayooran/Documents/iros/src/DRL-exploration/explore/src/costmap_client_dev.cpp:getHumanPose:295"
"Goal accepted by the action server, waiting for result...";"20";"explore_node";"1764721652.269908377";"/home/mayooran/Documents/iros/src/DRL-exploration/explore/src/explore_dev.cpp:goal_response_callback:437"
"Received a goal, begin computing control effort.";"20";"controller_server";"1764721652.269834806";"./src/controller_server.cpp:computeControl:359"
"Begin navigating from current location (35.10, -48.99) to (34.99, -53.74)";"20";"bt_navigator";"1764721652.249189808";"./src/navigators/navigate_to_pose.cpp:initializeGoalPose:213"
"Human pose: [x: 7.63, y: -20.36]";"20";"explore_node";"1764721651.851035251";"/home/mayooran/Documents/iros/src/DRL-exploration/explore/src/costmap_client_dev.cpp:getHumanPose:295"
"Goal succeeded";"20";"bt_navigator";"1764721651.850882183";"/opt/ros/humble/include/nav2_behavior_tree/bt_action_server_impl.hpp:executeCallback:264"
"Reached the goal!";"20";"controller_server";"1764721651.814988691";"./src/controller_server.cpp:computeControl:409"
"Passing new path to controller.";"20";"controller_server";"1764721651.011525328";"./src/controller_server.cpp:updateGlobalPath:536"
"Passing new path to controller.";"20";"controller_server";"1764721649.961525532";"./src/controller_server.cpp:updateGlobalPath:536"
"Passing new path to controller.";"20";"controller_server";"1764721648.961524417";"./src/controller_server.cpp:updateGlobalPath:536"
"Passing new path to controller.";"20";"controller_server";"1764721647.911525400";"./src/controller_server.cpp:updateGlobalPath:536"
"Passing new path to controller.";"20";"controller_server";"1764721646.911525726";"./src/controller_server.cpp:updateGlobalPath:536"
"Begin navigating from current location (35.27, -44.81) to (35.04, -49.46)";"20";"bt_navigator";"1764721646.401023556";"./src/navigators/navigate_to_pose.cpp:initializeGoalPose:213"
"Received goal preemption request";"20";"bt_navigator";"1764721646.400843995";"./src/navigators/navigate_to_pose.cpp:onPreempt:182"
"Goal accepted by the action server, waiting for result...";"20";"explore_node";"1764721646.391103709";"/home/mayooran/Documents/iros/src/DRL-exploration/explore/src/explore_dev.cpp:goal_response_callback:437"
"Human pose: [x: 12.12, y: -8.76]";"20";"explore_node";"1764721646.003573967";"/home/mayooran/Documents/iros/src/DRL-exploration/explore/src/costmap_client_dev.cpp:getHumanPose:295"
"Passing new path to controller.";"20";"controller_server";"1764721645.861522418";"./src/controller_server.cpp:updateGlobalPath:536"
"Received a goal, begin computing control effort.";"20";"controller_server";"1764721644.811256567";"./src/controller_server.cpp:computeControl:359"
"Begin navigating from current location (35.28, -43.69) to (35.04, -48.68)";"20";"bt_navigator";"1764721644.790601812";"./src/navigators/navigate_to_pose.cpp:initializeGoalPose:213"
"Goal accepted by the action server, waiting for result...";"20";"explore_node";"1764721644.790489073";"/home/mayooran/Documents/iros/src/DRL-exploration/explore/src/explore_dev.cpp:goal_response_callback:437"
"Human pose: [x: 16.46, y: -8.79]";"20";"explore_node";"1764721644.404964162";"/home/mayooran/Documents/iros/src/DRL-exploration/explore/src/costmap_client_dev.cpp:getHumanPose:295"
"Goal succeeded";"20";"bt_navigator";"1764721644.389180101";"/opt/ros/humble/include/nav2_behavior_tree/bt_action_server_impl.hpp:executeCallback:264"
"Reached the goal!";"20";"controller_server";"1764721644.351705490";"./src/controller_server.cpp:computeControl:409"
"Passing new path to controller.";"20";"controller_server";"1764721643.749662343";"./src/controller_server.cpp:updateGlobalPath:536"
"Passing new path to controller.";"20";"controller_server";"1764721642.749660427";"./src/controller_server.cpp:updateGlobalPath:536"
"Passing new path to controller.";"20";"controller_server";"1764721641.699666002";"./src/controller_server.cpp:updateGlobalPath:536"
"Passing new path to controller.";"20";"controller_server";"1764721640.699663093";"./src/controller_server.cpp:updateGlobalPath:536"
"Passing new path to controller.";"20";"controller_server";"1764721639.649661716";"./src/controller_server.cpp:updateGlobalPath:536"
"Human pose: [x: 22.94, y: -15.64]";"20";"explore_node";"1764721639.325941015";"/home/mayooran/Documents/iros/src/DRL-exploration/explore/src/costmap_client_dev.cpp:getHumanPose:295"
"Received a goal, begin computing control effort.";"20";"controller_server";"1764721638.599410825";"./src/controller_server.cpp:computeControl:359"
"Begin navigating from current location (35.12, -39.34) to (35.40, -44.15)";"20";"bt_navigator";"1764721638.578774984";"./src/navigators/navigate_to_pose.cpp:initializeGoalPose:213"
"Goal accepted by the action server, waiting for result...";"20";"explore_node";"1764721638.578735161";"/home/mayooran/Documents/iros/src/DRL-exploration/explore/src/explore_dev.cpp:goal_response_callback:437"
"Human pose: [x: 23.67, y: -17.90]";"20";"explore_node";"1764721638.198903922";"/home/mayooran/Documents/iros/src/DRL-exploration/explore/src/costmap_client_dev.cpp:getHumanPose:295"
"Goal succeeded";"20";"bt_navigator";"1764721638.198737744";"/opt/ros/humble/include/nav2_behavior_tree/bt_action_server_impl.hpp:executeCallback:264"
"Reached the goal!";"20";"controller_server";"1764721638.161737530";"./src/controller_server.cpp:computeControl:409"
"Passing new path to controller.";"20";"controller_server";"1764721637.509440887";"./src/controller_server.cpp:updateGlobalPath:536"
"Passing new path to controller.";"20";"controller_server";"1764721636.509446397";"./src/controller_server.cpp:updateGlobalPath:536"
"Passing new path to controller.";"20";"controller_server";"1764721635.459445225";"./src/controller_server.cpp:updateGlobalPath:536"
"Passing new path to controller.";"20";"controller_server";"1764721634.459456127";"./src/controller_server.cpp:updateGlobalPath:536"
"Passing new path to controller.";"20";"controller_server";"1764721633.409440298";"./src/controller_server.cpp:updateGlobalPath:536"
"Human pose: [x: 34.30, y: -21.31]";"20";"explore_node";"1764721632.659942856";"/home/mayooran/Documents/iros/src/DRL-exploration/explore/src/costmap_client_dev.cpp:getHumanPose:295"
"Goal accepted by the action server, waiting for result...";"20";"explore_node";"1764721632.360030802";"/home/mayooran/Documents/iros/src/DRL-exploration/explore/src/explore_dev.cpp:goal_response_callback:437"
"Passing new path to controller.";"20";"controller_server";"1764721632.359374979";"./src/controller_server.cpp:updateGlobalPath:536"
"Received a goal, begin computing control effort.";"20";"controller_server";"1764721632.359179610";"./src/controller_server.cpp:computeControl:359"
"Begin navigating from current location (33.43, -35.35) to (35.40, -39.75)";"20";"bt_navigator";"1764721632.338465543";"./src/navigators/navigate_to_pose.cpp:initializeGoalPose:213"
"Human pose: [x: 35.83, y: -21.51]";"20";"explore_node";"1764721631.957373353";"/home/mayooran/Documents/iros/src/DRL-exploration/explore/src/costmap_client_dev.cpp:getHumanPose:295"
"Goal succeeded";"20";"bt_navigator";"1764721631.957244708";"/opt/ros/humble/include/nav2_behavior_tree/bt_action_server_impl.hpp:executeCallback:264"
"Reached the goal!";"20";"controller_server";"1764721631.921291705";"./src/controller_server.cpp:computeControl:409"
"Passing new path to controller.";"20";"controller_server";"1764721630.918135246";"./src/controller_server.cpp:updateGlobalPath:536"
"Passing new path to controller.";"20";"controller_server";"1764721629.918146234";"./src/controller_server.cpp:updateGlobalPath:536"
"Passing new path to controller.";"20";"controller_server";"1764721628.868110740";"./src/controller_server.cpp:updateGlobalPath:536"
"Passing new path to controller.";"20";"controller_server";"1764721627.868123891";"./src/controller_server.cpp:updateGlobalPath:536"
"Passing new path to controller.";"20";"controller_server";"1764721626.818112881";"./src/controller_server.cpp:updateGlobalPath:536"
"Goal accepted by the action server, waiting for result...";"20";"explore_node";"1764721626.379014790";"/home/mayooran/Documents/iros/src/DRL-exploration/explore/src/explore_dev.cpp:goal_response_callback:437"
"Begin navigating from current location (29.07, -34.96) to (33.79, -35.54)";"20";"bt_navigator";"1764721626.367455941";"./src/navigators/navigate_to_pose.cpp:initializeGoalPose:213"
"Received goal preemption request";"20";"bt_navigator";"1764721626.367197051";"./src/navigators/navigate_to_pose.cpp:onPreempt:182"
"Human pose: [x: 48.45, y: -25.28]";"20";"explore_node";"1764721625.993989649";"/home/mayooran/Documents/iros/src/DRL-exploration/explore/src/costmap_client_dev.cpp:getHumanPose:295"
"Received a goal, begin computing control effort.";"20";"controller_server";"1764721625.767704638";"./src/controller_server.cpp:computeControl:359"
"Begin navigating from current location (28.71, -34.96) to (32.95, -35.29)";"20";"bt_navigator";"1764721625.746919814";"./src/navigators/navigate_to_pose.cpp:initializeGoalPose:213"
"Goal accepted by the action server, waiting for result...";"20";"explore_node";"1764721625.746793451";"/home/mayooran/Documents/iros/src/DRL-exploration/explore/src/explore_dev.cpp:goal_response_callback:437"
"Human pose: [x: 49.03, y: -26.50]";"20";"explore_node";"1764721625.387469229";"/home/mayooran/Documents/iros/src/DRL-exploration/explore/src/costmap_client_dev.cpp:getHumanPose:295"
"Goal succeeded";"20";"bt_navigator";"1764721625.387384644";"/opt/ros/humble/include/nav2_behavior_tree/bt_action_server_impl.hpp:executeCallback:264"
"Reached the goal!";"20";"controller_server";"1764721625.350734153";"./src/controller_server.cpp:computeControl:409"
"Passing new path to controller.";"20";"controller_server";"1764721624.797949733";"./src/controller_server.cpp:updateGlobalPath:536"
"Passing new path to controller.";"20";"controller_server";"1764721623.747952103";"./src/controller_server.cpp:updateGlobalPath:536"
"Passing new path to controller.";"20";"controller_server";"1764721622.747980713";"./src/controller_server.cpp:updateGlobalPath:536"
"Passing new path to controller.";"20";"controller_server";"1764721621.697946081";"./src/controller_server.cpp:updateGlobalPath:536"
"Passing new path to controller.";"20";"controller_server";"1764721620.697947166";"./src/controller_server.cpp:updateGlobalPath:536"
"Begin navigating from current location (24.20, -34.95) to (29.19, -34.97)";"20";"bt_navigator";"1764721619.687413652";"./src/navigators/navigate_to_pose.cpp:initializeGoalPose:213"
"Received goal preemption request";"20";"bt_navigator";"1764721619.687249177";"./src/navigators/navigate_to_pose.cpp:onPreempt:182"
"Goal accepted by the action server, waiting for result...";"20";"explore_node";"1764721619.680897126";"/home/mayooran/Documents/iros/src/DRL-exploration/explore/src/explore_dev.cpp:goal_response_callback:437"
"Passing new path to controller.";"20";"controller_server";"1764721619.647952413";"./src/controller_server.cpp:updateGlobalPath:536"
"Human pose: [x: 49.70, y: -39.43]";"20";"explore_node";"1764721619.328010982";"/home/mayooran/Documents/iros/src/DRL-exploration/explore/src/costmap_client_dev.cpp:getHumanPose:295"
"Goal accepted by the action server, waiting for result...";"20";"explore_node";"1764721618.597954609";"/home/mayooran/Documents/iros/src/DRL-exploration/explore/src/explore_dev.cpp:goal_response_callback:437"
"Received a goal, begin computing control effort.";"20";"controller_server";"1764721618.597669997";"./src/controller_server.cpp:computeControl:359"
"Begin navigating from current location (23.47, -34.96) to (28.31, -34.97)";"20";"bt_navigator";"1764721618.577018027";"./src/navigators/navigate_to_pose.cpp:initializeGoalPose:213"
"Human pose: [x: 49.70, y: -41.97]";"20";"explore_node";"1764721618.223329115";"/home/mayooran/Documents/iros/src/DRL-exploration/explore/src/costmap_client_dev.cpp:getHumanPose:295"
"Goal succeeded";"20";"bt_navigator";"1764721618.223155876";"/opt/ros/humble/include/nav2_behavior_tree/bt_action_server_impl.hpp:executeCallback:264"
"Reached the goal!";"20";"controller_server";"1764721618.185667978";"./src/controller_server.cpp:computeControl:409"
"Passing new path to controller.";"20";"controller_server";"1764721617.833664216";"./src/controller_server.cpp:updateGlobalPath:536"
"Passing new path to controller.";"20";"controller_server";"1764721616.833668585";"./src/controller_server.cpp:updateGlobalPath:536"
"Passing new path to controller.";"20";"controller_server";"1764721615.783665936";"./src/controller_server.cpp:updateGlobalPath:536"
"Passing new path to controller.";"20";"controller_server";"1764721614.783664141";"./src/controller_server.cpp:updateGlobalPath:536"
"Passing new path to controller.";"20";"controller_server";"1764721613.733669286";"./src/controller_server.cpp:updateGlobalPath:536"
"Goal accepted by the action server, waiting for result...";"20";"explore_node";"1764721613.004155892";"/home/mayooran/Documents/iros/src/DRL-exploration/explore/src/explore_dev.cpp:goal_response_callback:437"
"Received a goal, begin computing control effort.";"20";"controller_server";"1764721612.683411564";"./src/controller_server.cpp:computeControl:359"
"Begin navigating from current location (19.19, -34.99) to (23.94, -34.89)";"20";"bt_navigator";"1764721612.662849144";"./src/navigators/navigate_to_pose.cpp:initializeGoalPose:213"
"Human pose: [x: 50.18, y: -53.71]";"20";"explore_node";"1764721612.662718817";"/home/mayooran/Documents/iros/src/DRL-exploration/explore/src/costmap_client_dev.cpp:getHumanPose:295"
"Human pose: [x: 50.16, y: -54.36]";"20";"explore_node";"1764721612.315219555";"/home/mayooran/Documents/iros/src/DRL-exploration/explore/src/costmap_client_dev.cpp:getHumanPose:295"
"Goal succeeded";"20";"bt_navigator";"1764721612.300340332";"/opt/ros/humble/include/nav2_behavior_tree/bt_action_server_impl.hpp:executeCallback:264"
"Reached the goal!";"20";"controller_server";"1764721612.262990308";"./src/controller_server.cpp:computeControl:409"
"Passing new path to controller.";"20";"controller_server";"1764721612.210756669";"./src/controller_server.cpp:updateGlobalPath:536"
"Passing new path to controller.";"20";"controller_server";"1764721611.210752494";"./src/controller_server.cpp:updateGlobalPath:536"
"Passing new path to controller.";"20";"controller_server";"1764721610.160756327";"./src/controller_server.cpp:updateGlobalPath:536"
"Passing new path to controller.";"20";"controller_server";"1764721609.160758639";"./src/controller_server.cpp:updateGlobalPath:536"
"Passing new path to controller.";"20";"controller_server";"1764721608.110768803";"./src/controller_server.cpp:updateGlobalPath:536"
"Passing new path to controller.";"20";"controller_server";"1764721607.060757081";"./src/controller_server.cpp:updateGlobalPath:536"
"Begin navigating from current location (14.60, -35.39) to (19.67, -34.80)";"20";"bt_navigator";"1764721606.310405803";"./src/navigators/navigate_to_pose.cpp:initializeGoalPose:213"
"Received goal preemption request";"20";"bt_navigator";"1764721606.310248937";"./src/navigators/navigate_to_pose.cpp:onPreempt:182"
"Goal accepted by the action server, waiting for result...";"20";"explore_node";"1764721606.308491691";"/home/mayooran/Documents/iros/src/DRL-exploration/explore/src/explore_dev.cpp:goal_response_callback:437"
"Passing new path to controller.";"20";"controller_server";"1764721606.060755796";"./src/controller_server.cpp:updateGlobalPath:536"
"Human pose: [x: 49.40, y: -45.32]";"20";"explore_node";"1764721605.996001219";"/home/mayooran/Documents/iros/src/DRL-exploration/explore/src/costmap_client_dev.cpp:getHumanPose:295"
"Passing new path to controller.";"20";"controller_server";"1764721605.010754181";"./src/controller_server.cpp:updateGlobalPath:536"
"Passing new path to controller.";"20";"controller_server";"1764721604.010757601";"./src/controller_server.cpp:updateGlobalPath:536"
"Passing new path to controller.";"20";"controller_server";"1764721602.960755950";"./src/controller_server.cpp:updateGlobalPath:536"
"Received a goal, begin computing control effort.";"20";"controller_server";"1764721601.910515163";"./src/controller_server.cpp:computeControl:359"
"Begin navigating from current location (11.41, -35.37) to (16.74, -35.32)";"20";"bt_navigator";"1764721601.890011498";"./src/navigators/navigate_to_pose.cpp:initializeGoalPose:213"
"Goal accepted by the action server, waiting for result...";"20";"explore_node";"1764721601.889887699";"/home/mayooran/Documents/iros/src/DRL-exploration/explore/src/explore_dev.cpp:goal_response_callback:437"
"Human pose: [x: 49.44, y: -35.66]";"20";"explore_node";"1764721601.588143362";"/home/mayooran/Documents/iros/src/DRL-exploration/explore/src/costmap_client_dev.cpp:getHumanPose:295"
"Goal succeeded";"20";"bt_navigator";"1764721601.588050586";"/opt/ros/humble/include/nav2_behavior_tree/bt_action_server_impl.hpp:executeCallback:264"
"Reached the goal!";"20";"controller_server";"1764721601.550840513";"./src/controller_server.cpp:computeControl:409"
"Passing new path to controller.";"20";"controller_server";"1764721601.048796844";"./src/controller_server.cpp:updateGlobalPath:536"
"Passing new path to controller.";"20";"controller_server";"1764721600.048799667";"./src/controller_server.cpp:updateGlobalPath:536"
"Goal accepted by the action server, waiting for result...";"20";"explore_node";"1764721599.633879287";"/home/mayooran/Documents/iros/src/DRL-exploration/explore/src/explore_dev.cpp:goal_response_callback:437"
"Begin navigating from current location (9.83, -35.36) to (11.88, -35.53)";"20";"bt_navigator";"1764721599.618198927";"./src/navigators/navigate_to_pose.cpp:initializeGoalPose:213"
"Received goal preemption request";"20";"bt_navigator";"1764721599.617998809";"./src/navigators/navigate_to_pose.cpp:onPreempt:182"
"Human pose: [x: 49.50, y: -30.53]";"20";"explore_node";"1764721599.340106232";"/home/mayooran/Documents/iros/src/DRL-exploration/explore/src/costmap_client_dev.cpp:getHumanPose:295"
"Passing new path to controller.";"20";"controller_server";"1764721598.998804131";"./src/controller_server.cpp:updateGlobalPath:536"
"Received a goal, begin computing control effort.";"20";"controller_server";"1764721597.948516564";"./src/controller_server.cpp:computeControl:359"
"Goal accepted by the action server, waiting for result...";"20";"explore_node";"1764721597.943066062";"/home/mayooran/Documents/iros/src/DRL-exploration/explore/src/explore_dev.cpp:goal_response_callback:437"
"Begin navigating from current location (8.84, -34.94) to (14.22, -35.78)";"20";"bt_navigator";"1764721597.927737093";"./src/navigators/navigate_to_pose.cpp:initializeGoalPose:213"
"Human pose: [x: 49.54, y: -26.59]";"20";"explore_node";"1764721597.651010787";"/home/mayooran/Documents/iros/src/DRL-exploration/explore/src/costmap_client_dev.cpp:getHumanPose:295"
"Goal succeeded";"20";"bt_navigator";"1764721597.650890749";"/opt/ros/humble/include/nav2_behavior_tree/bt_action_server_impl.hpp:executeCallback:264"
"Reached the goal!";"20";"controller_server";"1764721597.613601102";"./src/controller_server.cpp:computeControl:409"
"Passing new path to controller.";"20";"controller_server";"1764721597.011375357";"./src/controller_server.cpp:updateGlobalPath:536"
"Passing new path to controller.";"20";"controller_server";"1764721595.961372807";"./src/controller_server.cpp:updateGlobalPath:536"
"Passing new path to controller.";"20";"controller_server";"1764721594.961370794";"./src/controller_server.cpp:updateGlobalPath:536"
"Passing new path to controller.";"20";"controller_server";"1764721593.911370509";"./src/controller_server.cpp:updateGlobalPath:536"
"Goal accepted by the action server, waiting for result...";"20";"explore_node";"1764721593.101333400";"/home/mayooran/Documents/iros/src/DRL-exploration/explore/src/explore_dev.cpp:goal_response_callback:437"
"Received a goal, begin computing control effort.";"20";"controller_server";"1764721592.861137382";"./src/controller_server.cpp:computeControl:359"
"Begin navigating from current location (7.11, -31.73) to (9.13, -35.31)";"20";"bt_navigator";"1764721592.840550608";"./src/navigators/navigate_to_pose.cpp:initializeGoalPose:213"
"Human pose: [x: 50.72, y: -16.02]";"20";"explore_node";"1764721592.840382291";"/home/mayooran/Documents/iros/src/DRL-exploration/explore/src/costmap_client_dev.cpp:getHumanPose:295"
"Human pose: [x: 50.72, y: -15.28]";"20";"explore_node";"1764721592.588965851";"/home/mayooran/Documents/iros/src/DRL-exploration/explore/src/costmap_client_dev.cpp:getHumanPose:295"
"Goal succeeded";"20";"bt_navigator";"1764721592.588870339";"/opt/ros/humble/include/nav2_behavior_tree/bt_action_server_impl.hpp:executeCallback:264"
"Reached the goal!";"20";"controller_server";"1764721592.552042875";"./src/controller_server.cpp:computeControl:409"
"Passing new path to controller.";"20";"controller_server";"1764721592.099553891";"./src/controller_server.cpp:updateGlobalPath:536"
"Passing new path to controller.";"20";"controller_server";"1764721591.049570127";"./src/controller_server.cpp:updateGlobalPath:536"
"Passing new path to controller.";"20";"controller_server";"1764721589.999552080";"./src/controller_server.cpp:updateGlobalPath:536"
"Passing new path to controller.";"20";"controller_server";"1764721588.999549623";"./src/controller_server.cpp:updateGlobalPath:536"
"Passing new path to controller.";"20";"controller_server";"1764721587.949551365";"./src/controller_server.cpp:updateGlobalPath:536"
"Passing new path to controller.";"20";"controller_server";"1764721586.949551709";"./src/controller_server.cpp:updateGlobalPath:536"
"Begin navigating from current location (7.01, -26.75) to (7.24, -32.03)";"20";"bt_navigator";"1764721586.219040343";"./src/navigators/navigate_to_pose.cpp:initializeGoalPose:213"
"Received goal preemption request";"20";"bt_navigator";"1764721586.218786583";"./src/navigators/navigate_to_pose.cpp:onPreempt:182"
"Goal accepted by the action server, waiting for result...";"20";"explore_node";"1764721586.211634784";"/home/mayooran/Documents/iros/src/DRL-exploration/explore/src/explore_dev.cpp:goal_response_callback:437"
"Human pose: [x: 45.88, y: -5.81]";"20";"explore_node";"1764721585.998071338";"/home/mayooran/Documents/iros/src/DRL-exploration/explore/src/costmap_client_dev.cpp:getHumanPose:295"
"Passing new path to controller.";"20";"controller_server";"1764721585.899547608";"./src/controller_server.cpp:updateGlobalPath:536"
"Received a goal, begin computing control effort.";"20";"controller_server";"1764721584.849251880";"./src/controller_server.cpp:computeControl:359"
"Goal accepted by the action server, waiting for result...";"20";"explore_node";"1764721584.837955644";"/home/mayooran/Documents/iros/src/DRL-exploration/explore/src/explore_dev.cpp:goal_response_callback:437"
"Begin navigating from current location (7.06, -25.78) to (6.93, -30.22)";"20";"bt_navigator";"1764721584.828595928";"./src/navigators/navigate_to_pose.cpp:initializeGoalPose:213"
"Human pose: [x: 42.73, y: -6.17]";"20";"explore_node";"1764721584.621172182";"/home/mayooran/Documents/iros/src/DRL-exploration/explore/src/costmap_client_dev.cpp:getHumanPose:295"
"Goal succeeded";"20";"bt_navigator";"1764721584.621073956";"/opt/ros/humble/include/nav2_behavior_tree/bt_action_server_impl.hpp:executeCallback:264"
"Reached the goal!";"20";"controller_server";"1764721584.583721886";"./src/controller_server.cpp:computeControl:409"
"Passing new path to controller.";"20";"controller_server";"1764721584.531522899";"./src/controller_server.cpp:updateGlobalPath:536"
"Passing new path to controller.";"20";"controller_server";"1764721583.531525984";"./src/controller_server.cpp:updateGlobalPath:536"
"Passing new path to controller.";"20";"controller_server";"1764721582.481536148";"./src/controller_server.cpp:updateGlobalPath:536"
"Passing new path to controller.";"20";"controller_server";"1764721581.481538304";"./src/controller_server.cpp:updateGlobalPath:536"
"Passing new path to controller.";"20";"controller_server";"1764721580.431524378";"./src/controller_server.cpp:updateGlobalPath:536"
"Goal accepted by the action server, waiting for result...";"20";"explore_node";"1764721579.576583124";"/home/mayooran/Documents/iros/src/DRL-exploration/explore/src/explore_dev.cpp:goal_response_callback:437"
"Received a goal, begin computing control effort.";"20";"controller_server";"1764721579.381264992";"./src/controller_server.cpp:computeControl:359"
"Begin navigating from current location (7.22, -21.81) to (6.93, -26.25)";"20";"bt_navigator";"1764721579.360776523";"./src/navigators/navigate_to_pose.cpp:initializeGoalPose:213"
"Human pose: [x: 44.13, y: -8.44]";"20";"explore_node";"1764721579.360699129";"/home/mayooran/Documents/iros/src/DRL-exploration/explore/src/costmap_client_dev.cpp:getHumanPose:295"
"Human pose: [x: 44.57, y: -8.52]";"20";"explore_node";"1764721579.160676027";"/home/mayooran/Documents/iros/src/DRL-exploration/explore/src/costmap_client_dev.cpp:getHumanPose:295"
"Goal succeeded";"20";"bt_navigator";"1764721579.160552708";"/opt/ros/humble/include/nav2_behavior_tree/bt_action_server_impl.hpp:executeCallback:264"
"Reached the goal!";"20";"controller_server";"1764721579.127927526";"./src/controller_server.cpp:computeControl:409"
"Passing new path to controller.";"20";"controller_server";"1764721578.374950265";"./src/controller_server.cpp:updateGlobalPath:536"
"Passing new path to controller.";"20";"controller_server";"1764721577.374974930";"./src/controller_server.cpp:updateGlobalPath:536"
"Passing new path to controller.";"20";"controller_server";"1764721576.324951962";"./src/controller_server.cpp:updateGlobalPath:536"
"Passing new path to controller.";"20";"controller_server";"1764721575.324947932";"./src/controller_server.cpp:updateGlobalPath:536"
"Passing new path to controller.";"20";"controller_server";"1764721574.274957518";"./src/controller_server.cpp:updateGlobalPath:536"
"Received a goal, begin computing control effort.";"20";"controller_server";"1764721573.224704929";"./src/controller_server.cpp:computeControl:359"
"Failed to get result for compute_path_to_pose in node halt!";"40";"bt_navigator_navigate_to_pose_rclcpp_node";"1764721573.018851356";"./include/nav2_behavior_tree/bt_action_node.hpp:halt:321"
"[follow_path] [ActionServer] Aborting handle.";"30";"controller_server";"1764721572.979107467";"/opt/ros/humble/include/nav2_util/simple_action_server.hpp:warn_msg:605"
"Invalid path, Path is empty.";"40";"controller_server";"1764721572.979069125";"./src/controller_server.cpp:computeControl:420"
"Received a goal, begin computing control effort.";"20";"controller_server";"1764721572.978968882";"./src/controller_server.cpp:computeControl:359"
"[follow_path] [ActionServer] Aborting handle.";"30";"controller_server";"1764721572.949244888";"/opt/ros/humble/include/nav2_util/simple_action_server.hpp:warn_msg:605"
"Invalid path, Path is empty.";"40";"controller_server";"1764721572.949214399";"./src/controller_server.cpp:computeControl:420"
"Passing new path to controller.";"20";"controller_server";"1764721572.949012558";"./src/controller_server.cpp:updateGlobalPath:536"
"Begin navigating from current location (7.31, -17.12) to (7.20, -22.29)";"20";"bt_navigator";"1764721572.818455207";"./src/navigators/navigate_to_pose.cpp:initializeGoalPose:213"
"Received goal preemption request";"20";"bt_navigator";"1764721572.818275018";"./src/navigators/navigate_to_pose.cpp:onPreempt:182"
"Goal accepted by the action server, waiting for result...";"20";"explore_node";"1764721572.816890240";"/home/mayooran/Documents/iros/src/DRL-exploration/explore/src/explore_dev.cpp:goal_response_callback:437"
"Human pose: [x: 45.00, y: -19.92]";"20";"explore_node";"1764721572.666107847";"/home/mayooran/Documents/iros/src/DRL-exploration/explore/src/costmap_client_dev.cpp:getHumanPose:295"
"Received a goal, begin computing control effort.";"20";"controller_server";"1764721571.898661449";"./src/controller_server.cpp:computeControl:359"
"Goal accepted by the action server, waiting for result...";"20";"explore_node";"1764721571.884846847";"/home/mayooran/Documents/iros/src/DRL-exploration/explore/src/explore_dev.cpp:goal_response_callback:437"
"Begin navigating from current location (7.16, -16.53) to (7.29, -21.54)";"20";"bt_navigator";"1764721571.878063491";"./src/navigators/navigate_to_pose.cpp:initializeGoalPose:213"
"Human pose: [x: 43.00, y: -20.61]";"20";"explore_node";"1764721571.735539504";"/home/mayooran/Documents/iros/src/DRL-exploration/explore/src/costmap_client_dev.cpp:getHumanPose:295"
"Goal succeeded";"20";"bt_navigator";"1764721571.735311244";"/opt/ros/humble/include/nav2_behavior_tree/bt_action_server_impl.hpp:executeCallback:264"
"Reached the goal!";"20";"controller_server";"1764721571.698420354";"./src/controller_server.cpp:computeControl:409"
"Passing new path to controller.";"20";"controller_server";"1764721571.196063543";"./src/controller_server.cpp:updateGlobalPath:536"
"Passing new path to controller.";"20";"controller_server";"1764721570.146067297";"./src/controller_server.cpp:updateGlobalPath:536"
"Passing new path to controller.";"20";"controller_server";"1764721569.096064586";"./src/controller_server.cpp:updateGlobalPath:536"
"Passing new path to controller.";"20";"controller_server";"1764721568.096060581";"./src/controller_server.cpp:updateGlobalPath:536"
"Passing new path to controller.";"20";"controller_server";"1764721567.046061164";"./src/controller_server.cpp:updateGlobalPath:536"
"Begin navigating from current location (6.19, -12.29) to (7.42, -16.93)";"20";"bt_navigator";"1764721566.105350517";"./src/navigators/navigate_to_pose.cpp:initializeGoalPose:213"
"Received goal preemption request";"20";"bt_navigator";"1764721566.105190840";"./src/navigators/navigate_to_pose.cpp:onPreempt:182"
"Goal accepted by the action server, waiting for result...";"20";"explore_node";"1764721566.101411665";"/home/mayooran/Documents/iros/src/DRL-exploration/explore/src/explore_dev.cpp:goal_response_callback:437"
"Passing new path to controller.";"20";"controller_server";"1764721566.046062688";"./src/controller_server.cpp:updateGlobalPath:536"
"Human pose: [x: 30.95, y: -19.53]";"20";"explore_node";"1764721566.000108648";"/home/mayooran/Documents/iros/src/DRL-exploration/explore/src/costmap_client_dev.cpp:getHumanPose:295"
"Passing new path to controller.";"20";"controller_server";"1764721564.996063007";"./src/controller_server.cpp:updateGlobalPath:536"
"Passing new path to controller.";"20";"controller_server";"1764721563.946068528";"./src/controller_server.cpp:updateGlobalPath:536"
"Passing new path to controller.";"20";"controller_server";"1764721562.946066021";"./src/controller_server.cpp:updateGlobalPath:536"
"Passing new path to controller.";"20";"controller_server";"1764721561.896061657";"./src/controller_server.cpp:updateGlobalPath:536"
"Passing new path to controller.";"20";"controller_server";"1764721560.896058093";"./src/controller_server.cpp:updateGlobalPath:536"
"Passing new path to controller.";"20";"controller_server";"1764721559.846063902";"./src/controller_server.cpp:updateGlobalPath:536"
"Begin navigating from current location (6.41, -7.36) to (6.69, -14.84)";"20";"bt_navigator";"1764721559.415479428";"./src/navigators/navigate_to_pose.cpp:initializeGoalPose:213"
"Received goal preemption request";"20";"bt_navigator";"1764721559.415219973";"./src/navigators/navigate_to_pose.cpp:onPreempt:182"
"Goal accepted by the action server, waiting for result...";"20";"explore_node";"1764721559.414490591";"/home/mayooran/Documents/iros/src/DRL-exploration/explore/src/explore_dev.cpp:goal_response_callback:437"
"Human pose: [x: 19.56, y: -13.16]";"20";"explore_node";"1764721559.334142875";"/home/mayooran/Documents/iros/src/DRL-exploration/explore/src/costmap_client_dev.cpp:getHumanPose:295"
"Received a goal, begin computing control effort.";"20";"controller_server";"1764721558.795724875";"./src/controller_server.cpp:computeControl:359"
"Goal accepted by the action server, waiting for result...";"20";"explore_node";"1764721558.777534878";"/home/mayooran/Documents/iros/src/DRL-exploration/explore/src/explore_dev.cpp:goal_response_callback:437"
"Begin navigating from current location (6.80, -7.26) to (3.58, -11.07)";"20";"bt_navigator";"1764721558.774890284";"./src/navigators/navigate_to_pose.cpp:initializeGoalPose:213"
"Human pose: [x: 19.22, y: -11.81]";"20";"explore_node";"1764721558.690594869";"/home/mayooran/Documents/iros/src/DRL-exploration/explore/src/costmap_client_dev.cpp:getHumanPose:295"
"Goal succeeded";"20";"bt_navigator";"1764721558.690471958";"/opt/ros/humble/include/nav2_behavior_tree/bt_action_server_impl.hpp:executeCallback:264"
"Reached the goal!";"20";"controller_server";"1764721558.653292444";"./src/controller_server.cpp:computeControl:409"
"Passing new path to controller.";"20";"controller_server";"1764721557.851274363";"./src/controller_server.cpp:updateGlobalPath:536"
"Passing new path to controller.";"20";"controller_server";"1764721556.851276637";"./src/controller_server.cpp:updateGlobalPath:536"
"Goal accepted by the action server, waiting for result...";"20";"explore_node";"1764721552.682424603";"/home/mayooran/Documents/iros/src/DRL-exploration/explore/src/explore_dev.cpp:goal_response_callback:437"
"Human pose: [x: 9.86, y: -7.42]";"20";"explore_node";"1764721552.668093535";"/home/mayooran/Documents/iros/src/DRL-exploration/explore/src/costmap_client_dev.cpp:getHumanPose:295"
"Waiting for costmap to become available, topic: merged_map";"20";"explore_node";"1764721550.654404181";"/home/mayooran/Documents/iros/src/DRL-exploration/explore/src/costmap_client_dev.cpp:Costmap2DClient:86"
"[34m[1mCreating bond timer...[0m[0m";"20";"lifecycle_manager_navigation";"1764721546.838497975";"./src/lifecycle_manager.cpp:message:504"
"[34m[1mManaged nodes are active[0m[0m";"20";"lifecycle_manager_navigation";"1764721546.838427916";"./src/lifecycle_manager.cpp:message:504"
"Server velocity_smoother connected with bond.";"20";"lifecycle_manager_navigation";"1764721546.838245592";"./src/lifecycle_manager.cpp:createBondConnection:205"
"[34m[1mActivating velocity_smoother[0m[0m";"20";"lifecycle_manager_navigation";"1764721546.731066601";"./src/lifecycle_manager.cpp:message:504"
"Server waypoint_follower connected with bond.";"20";"lifecycle_manager_navigation";"1764721546.730953498";"./src/lifecycle_manager.cpp:createBondConnection:205"
"[34m[1mActivating waypoint_follower[0m[0m";"20";"lifecycle_manager_navigation";"1764721546.624013325";"./src/lifecycle_manager.cpp:message:504"
"Server bt_navigator connected with bond.";"20";"lifecycle_manager_navigation";"1764721546.623831832";"./src/lifecycle_manager.cpp:createBondConnection:205"
"[34m[1mActivating bt_navigator[0m[0m";"20";"lifecycle_manager_navigation";"1764721546.458826584";"./src/lifecycle_manager.cpp:message:504"
"Server behavior_server connected with bond.";"20";"lifecycle_manager_navigation";"1764721546.458635692";"./src/lifecycle_manager.cpp:createBondConnection:205"
"[34m[1mActivating behavior_server[0m[0m";"20";"lifecycle_manager_navigation";"1764721546.352217218";"./src/lifecycle_manager.cpp:message:504"
"Server planner_server connected with bond.";"20";"lifecycle_manager_navigation";"1764721546.352085544";"./src/lifecycle_manager.cpp:createBondConnection:205"
"[34m[1mActivating planner_server[0m[0m";"20";"lifecycle_manager_navigation";"1764721545.192944389";"./src/lifecycle_manager.cpp:message:504"
"Server smoother_server connected with bond.";"20";"lifecycle_manager_navigation";"1764721545.192793236";"./src/lifecycle_manager.cpp:createBondConnection:205"
"[34m[1mActivating smoother_server[0m[0m";"20";"lifecycle_manager_navigation";"1764721545.085999832";"./src/lifecycle_manager.cpp:message:504"
"Server controller_server connected with bond.";"20";"lifecycle_manager_navigation";"1764721545.085736839";"./src/lifecycle_manager.cpp:createBondConnection:205"
"[34m[1mActivating controller_server[0m[0m";"20";"lifecycle_manager_navigation";"1764721544.727029332";"./src/lifecycle_manager.cpp:message:504"
"[34m[1mConfiguring velocity_smoother[0m[0m";"20";"lifecycle_manager_navigation";"1764721544.722794571";"./src/lifecycle_manager.cpp:message:504"
"[34m[1mConfiguring waypoint_follower[0m[0m";"20";"lifecycle_manager_navigation";"1764721544.710541017";"./src/lifecycle_manager.cpp:message:504"
"[34m[1mConfiguring bt_navigator[0m[0m";"20";"lifecycle_manager_navigation";"1764721544.645423952";"./src/lifecycle_manager.cpp:message:504"
"Creating bond (behavior_server) to lifecycle manager.";"20";"behavior_server";"1764721546.353130360";"./src/lifecycle_node.cpp:createBond:58"
"Activating wait";"20";"behavior_server";"1764721546.353104060";"./include/nav2_behaviors/timed_behavior.hpp:activate:146"
"Activating assisted_teleop";"20";"behavior_server";"1764721546.353086461";"./include/nav2_behaviors/timed_behavior.hpp:activate:146"
"Activating drive_on_heading";"20";"behavior_server";"1764721546.353069308";"./include/nav2_behaviors/timed_behavior.hpp:activate:146"
"Activating backup";"20";"behavior_server";"1764721546.353053356";"./include/nav2_behaviors/timed_behavior.hpp:activate:146"
"Activating spin";"20";"behavior_server";"1764721546.353028803";"./include/nav2_behaviors/timed_behavior.hpp:activate:146"
"Activating";"20";"behavior_server";"1764721546.352911009";"./src/behavior_server.cpp:on_activate:130"
"Configuring wait";"20";"behavior_server";"1764721544.640867927";"./include/nav2_behaviors/timed_behavior.hpp:configure:114"
"Creating behavior plugin wait of type nav2_behaviors/Wait";"20";"behavior_server";"1764721544.640132453";"./src/behavior_server.cpp:loadBehaviorPlugins:110"
"[34m[1mConfiguring behavior_server[0m[0m";"20";"lifecycle_manager_navigation";"1764721544.606282521";"./src/lifecycle_manager.cpp:message:504"
"Configuring assisted_teleop";"20";"behavior_server";"1764721544.634729152";"./include/nav2_behaviors/timed_behavior.hpp:configure:114"
"Creating behavior plugin assisted_teleop of type nav2_behaviors/AssistedTeleop";"20";"behavior_server";"1764721544.633125785";"./src/behavior_server.cpp:loadBehaviorPlugins:110"
"Configuring drive_on_heading";"20";"behavior_server";"1764721544.628740592";"./include/nav2_behaviors/timed_behavior.hpp:configure:114"
"Begin navigating from current location (8.37, -7.65) to (6.35, -7.39)";"20";"bt_navigator";"1764721552.680154149";"./src/navigators/navigate_to_pose.cpp:initializeGoalPose:213"
"Creating bond (bt_navigator) to lifecycle manager.";"20";"bt_navigator";"1764721546.518521984";"./src/lifecycle_node.cpp:createBond:58"
"Activating";"20";"bt_navigator";"1764721546.459433988";"./src/bt_navigator.cpp:on_activate:153"
"Creating behavior plugin drive_on_heading of type nav2_behaviors/DriveOnHeading";"20";"behavior_server";"1764721544.627679688";"./src/behavior_server.cpp:loadBehaviorPlugins:110"
"Configuring backup";"20";"behavior_server";"1764721544.623271353";"./include/nav2_behaviors/timed_behavior.hpp:configure:114"
"No goal checker was specified in parameter 'current_goal_checker'. Server will use only plugin loaded general_goal_checker . This warning will appear once.";"30";"controller_server";"1764721552.701071076";"./src/controller_server.cpp:findGoalCheckerId:335"
"Received a goal, begin computing control effort.";"20";"controller_server";"1764721552.700995827";"./src/controller_server.cpp:computeControl:359"
"Configuring";"20";"bt_navigator";"1764721544.645770040";"./src/bt_navigator.cpp:on_configure:106"
"Creating bond (controller_server) to lifecycle manager.";"20";"controller_server";"1764721544.978922744";"./src/lifecycle_node.cpp:createBond:58"
"Activating";"20";"controller_server";"1764721544.727275531";"./src/controller_server.cpp:on_activate:218"
"Creating behavior plugin backup of type nav2_behaviors/BackUp";"20";"behavior_server";"1764721544.622417297";"./src/behavior_server.cpp:loadBehaviorPlugins:110"
"Configuring spin";"20";"behavior_server";"1764721544.617110045";"./include/nav2_behaviors/timed_behavior.hpp:configure:114"
"Critic plugin initialized";"20";"controller_server";"1764721543.938452421";"./src/dwb_local_planner.cpp:loadCritics:223"
"Using critic \"PathDist\" (dwb_critics::PathDistCritic)";"20";"controller_server";"1764721543.938179933";"./src/dwb_local_planner.cpp:loadCritics:213"
"Critic plugin initialized";"20";"controller_server";"1764721543.938049676";"./src/dwb_local_planner.cpp:loadCritics:223"
"Using critic \"PathAlign\" (dwb_critics::PathAlignCritic)";"20";"controller_server";"1764721543.937627481";"./src/dwb_local_planner.cpp:loadCritics:213"
"Creating behavior plugin spin of type nav2_behaviors/Spin";"20";"behavior_server";"1764721544.615832181";"./src/behavior_server.cpp:loadBehaviorPlugins:110"
"Configuring";"20";"behavior_server";"1764721544.606637120";"./src/behavior_server.cpp:on_configure:70"
"Critic plugin initialized";"20";"controller_server";"1764721543.937408967";"./src/dwb_local_planner.cpp:loadCritics:223"
"Using critic \"GoalAlign\" (dwb_critics::GoalAlignCritic)";"20";"controller_server";"1764721543.937000339";"./src/dwb_local_planner.cpp:loadCritics:213"
"Critic plugin initialized";"20";"controller_server";"1764721543.936773885";"./src/dwb_local_planner.cpp:loadCritics:223"
"Using critic \"BaseObstacle\" (dwb_critics::BaseObstacleCritic)";"20";"controller_server";"1764721543.936482385";"./src/dwb_local_planner.cpp:loadCritics:213"
"Critic plugin initialized";"20";"controller_server";"1764721543.936249216";"./src/dwb_local_planner.cpp:loadCritics:223"
"Using critic \"Oscillation\" (dwb_critics::OscillationCritic)";"20";"controller_server";"1764721543.935644106";"./src/dwb_local_planner.cpp:loadCritics:213"
"Critic plugin initialized";"20";"controller_server";"1764721543.935517934";"./src/dwb_local_planner.cpp:loadCritics:223"
"Using critic \"RotateToGoal\" (dwb_critics::RotateToGoalCritic)";"20";"controller_server";"1764721543.934959714";"./src/dwb_local_planner.cpp:loadCritics:213"
"Setting transform_tolerance to 0.200000";"20";"controller_server";"1764721543.921376169";"./src/dwb_local_planner.cpp:configure:117"
"Created controller : FollowPath of type dwb_core::DWBLocalPlanner";"20";"controller_server";"1764721543.919772389";"./src/controller_server.cpp:on_configure:172"
"Created progress_checker : progress_checker of type nav2_controller::SimpleProgressChecker";"20";"controller_server";"1764721543.915665362";"./src/controller_server.cpp:on_configure:130"
"Controller frequency set to 20.0000Hz";"20";"controller_server";"1764721543.885398712";"./src/controller_server.cpp:on_configure:117"
"getting goal checker plugins..";"20";"controller_server";"1764721543.884962241";"./src/controller_server.cpp:on_configure:91"
"Configuring controller interface";"20";"controller_server";"1764721543.884546328";"./src/controller_server.cpp:on_configure:82"
"[34m[1mConfiguring controller_server[0m[0m";"20";"lifecycle_manager_navigation";"1764721543.883936730";"./src/lifecycle_manager.cpp:message:504"
"[34m[1mStarting managed nodes bringup...[0m[0m";"20";"lifecycle_manager_navigation";"1764721543.883786811";"./src/lifecycle_manager.cpp:message:504"
"Creating";"20";"bt_navigator";"1764721543.540694400";"./src/bt_navigator.cpp:BtNavigator:35"
"
	bt_navigator lifecycle node launched. 
	Waiting on external lifecycle transitions to activate
	See https://design.ros2.org/articles/node_lifecycle.html for more information.";"20";"bt_navigator";"1764721543.540398936";"./src/lifecycle_node.cpp:printLifecycleNodeNotification:122"
"[34m[1mCreating and initializing lifecycle service clients[0m[0m";"20";"lifecycle_manager_navigation";"1764721543.518635382";"./src/lifecycle_manager.cpp:message:504"
"Creating";"20";"lifecycle_manager_navigation";"1764721543.510206978";"./src/lifecycle_manager.cpp:LifecycleManager:38"
"Creating controller server";"20";"controller_server";"1764721543.526774062";"./src/controller_server.cpp:ControllerServer:49"
"
	behavior_server lifecycle node launched. 
	Waiting on external lifecycle transitions to activate
	See https://design.ros2.org/articles/node_lifecycle.html for more information.";"20";"behavior_server";"1764721543.523223651";"./src/lifecycle_node.cpp:printLifecycleNodeNotification:122"
"
	controller_server lifecycle node launched. 
	Waiting on external lifecycle transitions to activate
	See https://design.ros2.org/articles/node_lifecycle.html for more information.";"20";"controller_server";"1764721543.519020754";"./src/lifecycle_node.cpp:printLifecycleNodeNotification:122"
